"","unfish","target","SPRmer.S0","hist.decline"
"1",858864.465754503,268310.475931426,0.31240141678899,0.769055615871641
