"","unfish","target","SPRmer.S0","hist.decline"
"1",826621.249310017,258367.661968105,0.312558698658866,0.790057499341229
